{
  "$schema": "https://raw.githubusercontent.com/grafana/grafana/master/docs/sources/developers/plugins/plugin.schema.json",
  "type": "datasource",
  "name": "Parseable",
  "id": "parseable-parseable-datasource",
  "logs": true,
  "metrics": true,
  "tracing": true,
  "backend": true,
  "alerting": true,
  "executable": "gpx_datasource_http_backend",
  "info": {
    "description":  "Parseable is an open source, Kubernetes native, log storage and observability platform. This plugin allows you to visualize your Parseable logs in Grafana.",
    "author": {
      "name": "Parseable Team",
      "url": "https://parseable.io"
    },
    "keywords": ["datasource", "logging", "log observability", "log analytics", "parseable"],
    "logos": {
      "small": "img/logo.svg",
      "large": "img/logo.svg"
    },
    "links": [
      {"name": "GitHub", "url": "https://github.com/parseablehq/parseable-datasource"},
      {"name": "Website", "url": "https://parseable.io"}
    ],
    "screenshots": [
      {"name": "Query Configuration", "path": "img/configuration.png"},
      {"name": "Log Explorer", "path": "img/log-view-text.png"},
      {"name": "Log Dashboard", "path": "img/log-visualisation.png"}
    ],
    "version": "1.2.0",
    "updated": "2024-04-19"
  },
  "routes": [
    {
      "path": "/api/v1",
      "url": "{{ jsonData.url }}",
      "headers": [
        {
          "name": "Authorization",
          "content": "Basic {{ jsonData.username }}:{{ .secureJsonData.password }}"
        }
      ]
    }
  ],
  "dependencies": {
    "grafanaDependency": ">=9.0.0",
    "plugins": []
  }
}
